layer,feature,test_accuracy,test_auc,test_n_samples,val_accuracy,val_auc,train_accuracy,cv_mean,cv_std,accuracy_ci_lower,accuracy_ci_upper,p_value,is_significant,best_C,n_train,n_val,n_test
19,beta_f1_lower,0.5083612040133779,0.4928514575664113,897,0.5088495575221239,0.4926039300878839,0.6078930617441121,0.5088495575221239,0.0,0.47567928892301686,0.5409718097282783,0.3201024313628613,False,0.0,3142,452,897
