layer,feature,test_accuracy,test_auc,test_n_samples,val_accuracy,val_auc,train_accuracy,cv_mean,cv_std,accuracy_ci_lower,accuracy_ci_upper,p_value,is_significant,best_C,n_train,n_val,n_test
21,stdev_f1_lower,0.547,0.49189344514416145,1000,0.5848303393213573,0.4949646207010038,0.5893112317805087,0.5848303393213573,0.0,0.5160261711771321,0.5776141135252257,0.0016262999065816775,True,0.0,3499,501,1000
