layer,feature,test_accuracy,test_auc,test_n_samples,val_accuracy,val_auc,train_accuracy,cv_mean,cv_std,accuracy_ci_lower,accuracy_ci_upper,p_value,is_significant,best_C,n_train,n_val,n_test
19,beta_f1_lower,0.6778149386845039,0.752638489620117,897,0.6438053097345132,0.7299664883297077,0.821769573520051,0.6438053097345132,0.0,0.6465309422385963,0.7075824224122802,3.5524315139084664e-27,True,0.0,3142,452,897
